{"cameraMode":{"drawMode":0,"name":"Shaded","section":"Shading Mode"},"sceneLighting":false,"audioPlay":false,"sceneViewState":{"showFog":true,"showMaterialUpdate":false,"showSkybox":false,"showFlares":true,"showImageEffects":true,"showParticleSystems":true},"in2DMode":false,"pivot":{"x":1.1242603063583375,"y":0.9600773453712463,"z":0.07753820717334748},"rotation":{"x":-0.3595995306968689,"y":-0.24853290617465974,"z":0.09998776763677597,"w":-0.893827497959137},"size":1.1660254001617432,"orthographic":false}