{"cameraMode":{"drawMode":0,"name":"Shaded","section":"Shading Mode"},"sceneLighting":true,"audioPlay":false,"sceneViewState":{"showFog":true,"showMaterialUpdate":false,"showSkybox":true,"showFlares":true,"showImageEffects":true,"showParticleSystems":true},"in2DMode":false,"pivot":{"x":12.66472053527832,"y":-26.128036499023439,"z":-11.949941635131836},"rotation":{"x":-0.3788014054298401,"y":0.0002740331110544503,"z":-0.00011290863767499104,"w":-0.9254821538925171},"size":118.18360900878906,"orthographic":false}