{"cameraMode":{"drawMode":0,"name":"Shaded","section":"Shading Mode"},"sceneLighting":false,"audioPlay":false,"sceneViewState":{"showFog":true,"showMaterialUpdate":false,"showSkybox":false,"showFlares":true,"showImageEffects":true,"showParticleSystems":true},"in2DMode":false,"pivot":{"x":-1.659306526184082,"y":-3.296271324157715,"z":3.1613261699676515},"rotation":{"x":-0.30940213799476626,"y":-0.6374199986457825,"z":0.31145405769348147,"w":-0.633219838142395},"size":11.697433471679688,"orthographic":false}